{
  "Total" : {
    "transaction" : "Total",
    "sampleCount" : 51,
    "errorCount" : 0,
    "errorPct" : 0.0,
    "meanResTime" : 10707.941176470587,
    "medianResTime" : 10706.0,
    "minResTime" : 10200.0,
    "maxResTime" : 11512.0,
    "pct1ResTime" : 11119.4,
    "pct2ResTime" : 11176.6,
    "pct3ResTime" : 11512.0,
    "throughput" : 0.9263968611494587,
    "receivedKBytesPerSec" : 2.5805325249309745,
    "sentKBytesPerSec" : 0.2931177568480709
  },
  "GET" : {
    "transaction" : "GET",
    "sampleCount" : 51,
    "errorCount" : 0,
    "errorPct" : 0.0,
    "meanResTime" : 10707.941176470587,
    "medianResTime" : 10706.0,
    "minResTime" : 10200.0,
    "maxResTime" : 11512.0,
    "pct1ResTime" : 11119.4,
    "pct2ResTime" : 11176.6,
    "pct3ResTime" : 11512.0,
    "throughput" : 0.9263968611494587,
    "receivedKBytesPerSec" : 2.5805325249309745,
    "sentKBytesPerSec" : 0.2931177568480709
  }
}